brand_name,processor_brand,ram,os,storage,prices
0,0,0,0,0,29999
0,1,0,0,5,39990
0,1,0,0,1,43000
0,4,0,0,1,62990
0,2,0,0,1,65990
0,3,1,0,1,48990
0,1,0,6,1,30100
0,2,1,0,1,66498
0,4,1,0,1,108490
0,2,1,0,1,76999
0,3,0,0,1,79990
0,1,0,0,1,40800
0,2,1,0,1,62990
0,10,1,0,1,94990
0,2,1,0,1,60990
0,3,1,0,1,49990
0,3,1,0,1,49550
0,10,1,0,2,154080
0,10,4,0,2,198990
0,2,0,0,1,112000
0,10,1,0,1,125990
0,4,1,0,1,107699
0,4,0,0,1,78990
0,10,1,0,2,93990
0,5,4,0,9,298990
0,3,0,3,1,59000
0,2,1,0,1,124425
0,2,0,0,1,58400
0,1,0,0,1,39490
0,0,0,0,0,25190
0,0,0,0,0,35500
0,0,0,0,5,35888
0,9,1,0,1,90999
0,10,1,0,2,176699
0,10,1,0,2,166399
0,0,0,0,1,34000
0,1,0,0,0,45990
0,10,1,0,2,89990
0,3,0,0,1,67900
0,4,1,0,2,103500
0,2,1,0,1,74990
0,2,1,0,1,71990
0,3,0,0,1,61890
0,3,0,3,4,54890
0,2,1,0,1,71499
0,1,0,6,1,36500
0,10,0,0,1,82990
0,3,0,0,1,59990
0,0,0,0,1,29490
0,3,0,0,1,67990
0,3,0,0,1,74000
0,4,1,0,1,99990
0,4,0,0,1,95190
0,0,0,0,0,35999
0,4,0,0,1,74990
0,2,0,0,1,76800
0,10,1,0,1,103699
0,3,0,0,1,82990
0,4,1,0,1,104500
0,3,0,3,1,74999
0,4,1,0,1,106199
0,1,0,0,1,40990
0,4,1,0,1,82990
0,1,0,0,0,39990
0,1,0,0,1,36990
0,10,1,0,1,92890
0,2,1,0,1,62990
0,4,1,0,2,79990
0,3,0,0,1,82500
0,4,1,0,1,94500
0,2,0,6,4,50740
0,2,0,0,1,48990
0,1,0,6,1,26490
0,3,1,0,1,69990
0,5,4,0,9,298000
0,2,1,0,2,79990
0,2,0,0,1,57990
0,0,2,0,5,26990
0,9,1,0,2,120000
0,2,0,0,1,56999
0,0,0,0,0,29110
0,10,1,0,1,109999
0,2,1,0,1,78999
0,10,1,0,2,138999
0,0,0,0,0,35999
0,9,1,0,1,82999
0,3,0,0,1,65999
0,1,0,0,0,45999
0,1,0,0,1,34990
0,2,1,0,1,76490
0,5,4,0,2,155390
0,1,0,0,1,44790
0,4,1,0,1,56990
0,10,1,0,2,170399
0,2,0,0,1,69990
0,0,0,0,5,35500
0,2,1,0,1,78500
0,0,0,0,0,35500
0,2,1,0,1,81990
0,2,0,0,1,81490
0,2,1,0,1,89490
0,10,1,0,1,103990
0,4,1,0,2,135499
0,10,1,0,2,108990
0,2,1,0,1,93990
0,3,0,0,1,79500
0,2,1,0,1,85490
0,10,1,0,2,113990
0,10,4,0,5,195000
0,0,0,0,1,28790
0,1,0,0,1,39990
0,2,0,0,1,59990
0,1,0,0,1,39990
0,3,1,0,1,69990
0,3,1,0,1,95990
0,1,0,0,5,40990
0,2,1,0,1,71990
0,2,1,0,1,79990
0,10,1,0,1,85990
0,10,1,0,2,161000
0,3,1,0,1,65000
0,10,1,0,2,84990
0,0,0,0,5,36990
0,2,0,0,1,61990
0,2,0,6,4,54999
0,0,2,6,10,27000
0,10,0,0,1,83990
0,6,0,0,1,40490
0,0,2,0,0,24999
0,4,0,0,1,52999
0,6,0,0,1,46990
0,6,0,0,1,41990
0,6,0,0,1,51266
0,6,1,0,1,50490
0,2,0,0,1,61990
0,6,0,0,1,58831
0,6,0,0,1,45990
0,1,0,6,5,33990
0,3,0,0,1,43290
0,10,1,0,1,114990
0,10,4,0,2,213582
0,2,0,0,2,78477
0,3,0,0,1,52990
0,6,1,0,1,62527
0,10,1,0,2,102918
0,10,1,0,1,91141
0,1,0,0,1,38190
0,1,0,6,1,28999
0,2,0,0,2,67490
0,10,1,0,2,85990
0,1,0,0,1,39990
0,6,0,0,1,35990
0,0,3,0,3,39990
0,3,3,0,3,50990
0,10,3,1,0,119699
0,3,0,3,1,60499
0,7,2,4,6,23990
0,7,2,4,0,30016
0,7,5,4,0,25999
0,7,2,4,6,23990
0,3,0,3,1,61999
0,2,0,1,1,58610
0,1,0,0,1,41990
0,2,1,0,1,63490
0,2,1,0,1,72199
0,3,0,0,1,62999
0,3,0,0,1,59999
0,2,0,0,1,59490
0,1,0,0,1,40990
0,1,0,3,5,39999
0,2,1,3,1,79999
0,2,0,3,1,49999
0,3,0,3,1,68997
0,2,1,3,1,72999
0,2,1,0,1,65618
0,6,0,0,1,37400
0,0,2,6,0,20999
0,2,0,0,1,64999
0,2,1,0,1,57990
0,6,0,0,1,37990
0,0,2,0,0,25999
0,10,0,0,1,85990
0,3,0,3,1,58900
0,1,0,0,0,38890
0,3,0,0,1,45490
0,0,0,0,0,30300
0,2,0,3,1,81500
0,2,0,0,1,63890
0,9,1,0,2,93000
0,1,0,0,1,52990
0,1,0,0,1,40990
0,3,0,0,1,74490
0,4,1,0,1,103999
0,9,1,0,2,126599
0,9,1,0,2,124500
0,1,0,0,5,40200
0,4,1,0,2,118999
0,4,1,0,1,89500
0,2,1,0,1,69490
0,1,0,0,1,44500
0,3,1,0,1,60490
0,10,4,0,2,206500
0,2,1,0,1,66990
0,2,0,0,1,60900
0,10,1,0,2,122000
0,2,0,0,1,63500
0,2,0,0,1,62990
0,4,1,0,1,71999
0,2,0,0,1,55990
0,3,1,0,1,77500
0,10,1,0,1,129999
0,1,0,0,0,56000
0,7,0,0,0,25990
0,0,0,0,5,24490
0,4,0,0,1,68999
0,1,0,0,1,38900
0,6,0,0,1,43999
0,1,0,6,5,38890
0,1,0,0,1,39490
0,10,1,0,2,157376
0,6,0,0,1,44990
0,0,2,0,5,26980
0,1,0,0,1,44990
0,3,0,0,1,45490
0,1,0,3,4,58020
0,1,0,0,1,41999
0,0,2,0,5,26989
0,0,2,6,10,29000
0,1,0,0,1,45900
0,9,1,0,2,124999
0,1,0,0,1,39790
0,2,0,0,1,53690
0,1,0,0,1,59300
0,2,0,0,1,75900
0,2,1,0,1,79000
0,3,0,0,1,46490
0,1,0,0,1,39890
0,10,1,0,1,149999
0,10,1,0,2,116899
0,9,1,3,2,120199
0,1,0,0,1,54999
0,3,1,0,1,68199
0,3,0,0,1,54999
0,2,0,0,1,55999
0,3,0,3,4,74999
0,9,1,3,1,94997
0,2,0,3,1,68997
0,3,0,0,1,71999
0,2,0,3,1,73999
0,9,1,3,2,91999
0,3,1,0,1,71999
0,9,1,3,1,112497
0,2,1,3,1,79997
0,3,0,3,1,72999
0,3,0,3,1,73999
0,1,0,0,1,39999
0,9,1,3,2,92999
0,2,0,0,1,60999
0,2,1,3,1,73999
0,1,0,0,0,37990
0,7,0,0,0,29999
0,3,0,0,1,47700
0,3,0,3,1,62497
0,3,1,0,1,67499
0,2,1,3,1,97999
0,4,1,3,2,93199
0,1,0,0,1,37999
0,3,1,0,1,84999
0,2,1,0,1,73990
0,10,1,0,2,128999
0,3,0,0,1,58999
0,3,0,3,1,71999
0,2,0,3,1,74999
0,2,0,0,4,72997
0,1,0,0,1,39999
0,3,1,3,2,83699
0,3,1,3,2,86849
0,2,0,3,1,58499
0,0,0,0,1,39990
0,1,0,0,0,35999
0,9,0,3,1,57499
0,3,0,0,1,59997
0,9,1,0,2,84999
0,4,1,3,1,99999
0,3,0,3,4,70997
0,2,0,0,1,55450
0,2,1,3,1,67999
0,0,0,0,1,40999
0,3,0,0,1,57499
0,3,1,0,1,62999
0,1,0,0,1,55490
0,3,0,0,1,62999
0,10,1,0,2,95999
0,3,0,3,1,60499
0,2,0,0,1,55499
0,2,0,0,1,61499
0,2,1,3,1,104999
0,2,0,3,1,53499
0,2,0,0,1,63999
0,3,0,0,1,45490
0,1,0,0,0,35999
0,1,0,0,1,44200
1,1,0,0,10,35990
1,3,1,3,1,63999
1,1,0,0,0,44200
1,7,2,3,3,21797
1,7,2,4,1,28490
1,9,4,3,2,155000
1,3,0,0,1,46990
1,1,0,0,0,55990
1,3,1,0,1,64990
1,1,0,6,1,35990
1,2,0,0,1,50990
1,10,1,0,1,119900
1,1,0,0,1,43900
1,10,1,0,2,164990
1,9,1,0,1,97990
1,1,0,0,1,39000
1,4,1,3,1,76990
1,1,0,0,1,40890
1,3,0,0,5,56790
1,3,1,0,1,53500
1,7,2,3,0,27890
1,2,1,0,1,68990
1,9,0,3,1,65990
1,1,0,0,1,40500
1,1,0,0,0,35990
1,2,1,0,1,70990
1,1,2,6,5,37000
1,1,0,0,0,34990
1,3,0,0,1,63000
1,6,0,0,1,56990
1,9,1,3,1,98990
1,3,0,0,1,45990
1,4,1,3,1,102990
1,2,1,0,1,66990
1,0,0,0,1,33990
1,2,0,0,1,55990
1,1,0,0,5,40490
1,10,1,0,2,179079
1,1,0,0,1,38000
1,3,0,0,1,38990
1,10,4,0,2,219900
1,3,0,0,1,46990
1,4,4,0,2,189900
1,4,1,0,2,159990
1,10,1,0,2,180393
1,7,2,0,0,26490
1,2,0,0,1,56990
1,7,0,0,0,24999
1,9,1,0,1,89990
1,2,0,0,1,50990
1,3,0,0,1,45990
1,2,0,0,1,53500
1,3,0,3,1,58990
1,2,3,0,5,50990
1,2,1,0,1,59990
1,7,0,6,0,22999
1,1,0,0,5,33490
1,4,4,0,2,189990
1,2,1,0,1,64499
1,0,2,6,1,34500
1,6,0,0,1,40990
1,10,1,0,2,159990
1,3,3,0,1,64990
1,1,0,0,0,33639
1,6,0,0,1,48990
1,2,0,0,1,50990
1,3,0,0,1,62990
1,1,2,0,0,31990
1,1,0,0,1,61990
1,4,1,0,1,86510
1,2,1,0,1,84990
1,4,1,0,2,134990
1,2,0,0,1,75990
1,2,1,0,1,63500
1,1,2,0,0,35990
1,10,1,0,1,119990
1,2,0,0,1,57990
1,1,0,0,1,40400
1,1,0,0,0,62190
1,1,0,0,5,36990
1,1,0,0,0,33990
1,2,1,0,1,62999
1,3,0,0,1,46990
1,1,0,0,8,32990
1,4,1,0,1,97890
1,6,0,0,1,86690
1,1,0,0,1,40980
1,3,1,0,1,69990
1,4,4,0,2,179998
1,1,0,0,0,34990
1,1,0,0,1,36158
1,2,0,0,1,61990
1,4,1,0,2,144998
1,2,0,0,1,57990
1,2,0,0,1,66990
1,2,1,0,1,57990
1,1,0,0,1,40990
1,1,0,0,1,38000
1,1,0,0,1,40990
1,2,0,0,1,64990
1,1,0,3,0,42990
1,1,0,0,1,40990
1,4,1,0,2,159990
1,6,0,0,1,89955
1,4,1,0,1,114990
1,2,1,0,1,99290
1,4,4,0,2,179990
1,2,1,0,1,83990
1,1,0,0,0,33990
1,3,1,0,1,86290
1,1,0,0,1,64500
1,1,0,6,1,36500
1,4,1,0,1,80990
1,7,2,0,0,22990
1,7,2,3,10,20990
1,2,1,0,1,69990
1,3,0,0,1,69525
1,9,1,0,1,104990
1,9,1,0,1,109990
1,3,0,0,1,92700
1,2,0,0,1,61255
1,3,0,0,1,56200
1,6,0,0,1,43990
1,1,0,0,1,59390
1,2,1,0,1,57490
1,1,0,0,1,57299
1,1,0,0,1,44490
1,2,1,0,1,66990
1,10,1,0,1,118990
1,4,1,0,2,131990
1,2,1,0,1,69990
1,9,1,3,1,138000
1,0,0,0,1,32990
1,1,0,0,5,38490
1,10,1,0,1,139490
1,3,0,0,1,64990
1,9,1,0,2,84990
1,1,0,0,1,40990
1,3,1,0,1,92290
1,9,1,0,1,105990
1,9,1,0,2,144900
1,1,0,0,1,36980
1,3,1,0,1,69990
1,6,0,0,1,38990
1,1,0,3,1,36500
1,10,1,0,1,121990
1,6,0,0,1,66390
1,1,0,0,0,34135
1,4,1,0,1,83790
1,3,0,3,1,62999
1,1,2,6,0,35900
1,6,0,6,1,35200
1,7,2,4,3,23990
1,1,0,0,0,34000
1,7,2,4,3,28490
1,9,1,3,1,151060
1,2,0,3,0,54999
1,1,0,0,0,33990
1,1,0,0,5,31990
1,6,0,0,1,41989
1,6,0,0,1,40990
1,1,0,0,0,33490
1,3,0,0,1,37990
1,3,0,3,4,74990
1,4,1,0,1,69990
1,10,1,0,2,174990
1,1,0,0,1,82350
1,3,0,0,1,59490
1,1,0,0,1,40135
1,2,1,1,1,58990
1,1,0,0,1,40135
1,6,0,6,1,34900
1,3,1,0,1,68990
1,6,0,0,1,41990
1,2,0,0,5,65990
1,2,0,0,1,50990
1,4,1,3,1,98990
1,10,1,0,1,164280
1,4,1,0,1,84990
1,2,0,0,1,50990
1,1,0,0,0,36990
1,6,0,0,1,41990
1,10,1,0,1,107990
1,6,0,0,1,41987
1,2,1,0,1,59490
1,2,0,3,0,52990
1,6,0,0,1,39990
1,6,0,0,1,48350
1,7,2,0,0,25980
1,3,1,0,1,74990
1,6,0,0,1,45990
1,2,1,0,1,73990
1,4,1,0,1,118900
1,6,0,0,1,69390
1,9,1,0,1,75990
1,2,0,0,1,56135
1,5,0,3,5,65990
1,6,0,0,1,40990
1,6,0,0,1,43989
1,3,0,0,1,64990
1,2,0,0,1,54990
1,1,0,6,1,71068
1,2,0,6,1,109000
1,3,1,0,1,64990
1,1,0,0,0,33990
1,7,2,3,10,23799
1,6,3,0,1,43990
1,2,0,0,1,56490
1,1,3,0,1,42990
1,2,1,0,1,74990
1,3,0,6,4,75250
1,1,0,0,1,59990
1,1,2,6,0,71068
1,2,0,6,1,114394
1,2,1,0,1,113692
1,1,0,6,1,34480
1,3,1,0,1,64991
1,4,0,3,1,63190
1,9,1,0,1,79990
1,1,0,0,1,33990
1,6,0,6,1,39800
1,2,0,0,1,64990
1,6,0,0,1,43988
1,3,0,0,4,57990
1,2,0,0,1,85998
1,6,0,6,1,37500
1,2,1,3,1,69990
1,3,0,0,1,67703
1,0,0,0,1,34490
1,2,0,3,1,66990
1,1,0,0,1,56990
1,2,0,0,1,126792
1,4,0,0,1,76990
1,3,0,0,1,44990
1,2,0,3,4,66990
1,7,2,6,10,19990
1,0,0,0,1,36990
1,2,0,0,6,57990
1,2,1,0,1,70990
1,3,0,0,1,49863
1,3,1,0,1,74990
1,7,0,6,0,21990
1,3,0,0,1,85250
1,0,0,0,1,31990
1,1,2,3,0,33990
1,2,0,0,1,60990
1,6,0,0,1,74090
1,2,0,0,1,53990
2,2,1,0,1,79990
2,3,0,0,5,46990
2,6,0,0,1,42590
2,4,1,0,2,129990
2,1,0,0,0,42990
2,10,1,0,2,114990
2,1,0,3,5,25990
2,1,0,0,1,38990
2,4,0,0,1,87990
2,1,0,0,1,42990
2,0,2,0,3,27990
2,2,1,0,1,74990
2,4,1,0,1,99990
2,0,0,0,0,26990
2,2,0,0,2,85990
2,6,1,0,1,59990
2,9,1,0,1,98500
2,5,1,0,2,92990
2,1,0,0,5,28990
2,4,1,0,2,149700
2,6,0,0,0,41950
2,4,1,0,2,129990
2,3,0,3,4,58990
2,10,1,0,1,148590
2,3,0,0,1,60990
2,2,1,0,1,89990
2,6,0,0,1,61990
2,6,0,0,1,36990
2,4,0,0,1,67990
2,1,0,0,0,42990
2,5,1,0,1,99990
2,4,1,0,2,124990
2,2,0,0,1,45980
2,2,0,0,1,75490
2,5,4,0,2,152990
2,5,4,3,2,234990
2,10,1,0,1,79990
2,2,1,0,1,72990
2,10,1,0,1,79990
2,6,0,0,1,47900
2,4,1,0,1,103650
2,9,0,3,1,74999
2,2,1,0,1,97990
2,3,0,0,1,45990
2,7,2,0,0,21990
2,1,0,0,5,45990
2,1,0,0,0,32990
2,5,1,0,2,219990
2,10,1,0,2,112990
2,7,2,0,10,22490
2,10,1,0,2,142000
2,2,1,0,1,47990
2,2,0,0,1,65980
2,5,4,0,2,241990
2,2,1,0,1,114650
2,5,4,0,9,304990
2,1,2,3,5,24990
2,5,1,0,2,150990
2,5,1,0,2,191990
2,5,1,0,2,181990
2,1,2,0,10,39999
2,0,2,0,5,30770
2,3,1,0,1,99990
2,5,1,0,2,189990
2,10,1,0,2,149980
2,10,1,0,2,118000
2,4,4,0,2,167990
2,2,0,0,1,49990
2,1,0,0,5,33490
2,1,0,0,5,38990
2,2,1,0,1,74990
2,10,1,0,1,95500
2,3,0,0,1,49990
2,2,0,0,1,81990
2,4,1,0,1,59990
2,5,1,0,2,304980
2,4,1,0,2,85990
2,1,0,0,1,35990
2,2,1,0,1,93000
2,2,0,0,0,42990
2,2,1,0,1,84990
2,2,1,0,1,112900
2,10,1,0,2,182990
2,6,0,0,1,50314
2,2,0,0,1,77990
2,1,0,0,1,38990
2,2,1,0,1,112442
2,3,0,0,1,50314
2,0,0,0,1,40248
2,6,1,0,1,62990
2,2,0,0,1,64990
2,2,1,0,1,79000
2,2,1,0,1,129000
2,5,1,0,2,160000
2,2,1,0,1,84900
2,10,1,0,1,127777
2,2,1,0,1,86850
2,2,0,3,1,80799
2,5,4,0,2,229990
2,6,1,0,1,62990
2,4,1,0,1,75500
2,2,1,0,1,79990
2,2,1,0,1,152990
2,10,1,0,2,138000
2,2,1,0,1,115000
2,2,1,0,1,85990
2,2,1,0,1,110990
2,2,1,0,1,66418
2,2,1,0,1,68990
2,3,1,0,1,65990
2,6,0,0,1,53333
2,10,1,0,1,117990
2,5,1,0,2,194990
2,2,1,0,1,97990
2,4,1,0,1,73990
2,4,1,0,1,76990
2,2,1,0,1,109990
2,2,0,0,1,54990
2,2,1,0,1,60990
2,2,1,0,1,62000
2,2,0,0,1,66900
2,2,1,0,1,57990
2,3,0,3,5,62999
2,3,1,0,1,58990
2,7,1,3,2,102900
2,2,0,3,6,51990
2,0,2,3,8,30990
2,7,1,3,1,132499
2,10,1,0,2,152990
2,4,1,3,1,66999
2,1,0,0,1,34990
2,1,0,0,1,43990
2,7,2,0,1,21990
2,7,2,0,10,18990
2,3,0,0,1,44990
2,2,0,0,1,44990
2,1,3,0,1,48990
2,1,2,3,5,45999
2,2,1,0,1,102219
2,5,1,0,2,437990
2,5,4,0,2,284990
2,1,0,0,1,36750
2,6,0,0,1,46249
2,5,1,0,2,215990
2,2,1,0,1,78889
2,2,1,0,2,199990
2,2,1,0,1,86500
2,10,1,0,2,239990
2,5,4,0,2,266990
2,5,1,0,2,203990
2,1,0,0,1,38990
2,4,1,0,2,129000
2,5,1,0,2,179990
2,5,1,0,2,169990
2,5,1,0,2,209990
2,5,1,0,2,219990
2,2,1,0,2,144990
2,5,1,0,2,129000
2,2,1,0,1,103000
2,7,2,0,0,22990
2,2,1,0,1,86900
2,2,1,0,1,62990
2,9,1,0,2,94500
2,6,1,0,1,61500
2,3,1,0,1,76900
2,1,0,0,1,40390
2,5,4,0,9,429990
2,9,1,0,2,94220
2,6,1,0,1,68999
2,6,0,0,1,43500
2,9,1,0,2,86885
2,3,0,0,1,52990
2,5,1,0,2,184990
2,4,1,0,1,104090
2,4,1,0,2,107990
2,3,1,0,1,55990
2,5,4,0,2,281990
2,2,0,0,1,65900
2,5,0,3,2,101990
2,5,1,0,2,104990
2,2,0,0,1,66990
2,4,1,0,2,99990
2,1,0,3,5,31990
2,1,0,0,1,49990
2,1,0,0,0,34490
2,1,0,0,0,42990
2,1,0,0,1,32990
2,0,0,0,0,33500
2,10,1,0,1,91400
2,5,1,3,1,104990
2,2,1,0,1,75476
2,3,0,0,1,49990
2,6,0,0,1,45990
2,5,1,0,2,109990
2,1,0,0,1,40990
2,6,1,0,1,64900
2,5,1,0,2,109990
2,0,0,0,1,40250
2,2,1,0,1,104990
2,2,1,0,1,85990
2,2,0,0,4,49990
2,2,1,0,2,83500
2,2,1,0,1,109990
2,6,0,0,1,46500
2,1,0,0,1,39900
2,1,0,0,0,32990
2,2,1,0,1,97990
2,6,0,0,1,53990
2,2,0,0,1,62990
2,2,0,0,1,74990
2,4,1,0,2,171990
2,2,1,0,1,97990
2,6,0,0,1,42900
2,2,1,0,1,63990
2,6,0,0,1,50905
2,2,1,0,1,64990
2,2,0,0,1,59990
2,3,1,0,1,74617
2,3,0,0,1,59990
2,9,1,0,1,90990
2,10,1,0,2,118999
2,2,1,0,1,66990
2,6,1,0,1,62980
2,6,1,0,1,62990
2,9,1,0,1,67424
2,2,1,0,1,63990
2,6,1,0,1,55500
2,1,0,0,0,38990
2,4,4,0,2,177900
2,7,3,0,1,167999
2,4,0,0,1,82990
2,4,1,0,2,171990
2,4,1,0,1,81774
2,0,0,0,0,32900
2,4,1,0,1,70990
2,4,1,0,2,104990
2,3,1,0,1,55990
2,6,0,0,1,42990
2,4,1,0,2,157990
2,4,1,0,2,157990
2,5,1,0,2,191900
2,4,1,0,2,96990
2,9,1,0,2,100990
2,10,1,0,2,97990
2,4,1,0,1,89690
2,3,1,0,1,71990
2,3,1,0,1,52990
2,5,1,0,2,177990
2,5,1,0,2,174990
2,2,1,0,1,83990
2,9,1,0,1,89990
2,5,1,0,2,151990
2,5,1,0,2,187990
2,3,1,0,1,89990
2,5,4,0,2,279990
2,9,1,0,2,107900
2,10,1,0,2,98900
2,1,0,0,1,40980
2,3,1,0,1,74990
2,6,1,0,1,67000
2,6,0,0,1,50990
2,6,0,0,1,52990
2,2,1,0,1,84990
2,3,1,0,2,66990
2,3,0,0,2,59990
2,4,1,0,1,80990
2,10,3,0,2,174990
2,6,0,0,1,52990
2,5,4,0,2,301489
2,1,0,0,1,35990
2,5,4,0,9,364990
2,2,1,0,1,93990
2,1,0,0,1,38990
2,2,0,0,1,52990
2,0,0,0,1,34990
2,5,1,0,2,161990
2,3,1,0,1,68990
2,10,1,0,2,149990
2,9,0,3,2,64990
2,4,1,0,1,59990
2,2,0,0,1,57350
2,3,1,0,1,58990
2,7,2,0,0,24990
2,3,0,0,2,65990
2,7,2,0,0,25990
2,10,1,0,2,149999
2,1,0,0,1,30990
2,9,1,0,1,55990
2,4,1,0,2,115990
2,7,2,0,3,21990
2,4,1,0,1,99990
2,7,3,0,8,22990
2,9,1,0,1,96085
2,10,1,0,1,104990
2,4,0,0,1,74990
2,10,1,0,2,114990
2,4,1,0,1,79990
2,10,1,0,2,329990
2,9,1,0,1,90990
2,4,1,0,1,64990
2,4,1,0,1,86990
2,2,1,0,5,64990
2,5,4,0,2,281990
2,4,1,0,1,79990
2,9,1,0,1,96199
2,4,1,0,1,99990
2,2,1,0,1,63990
2,1,0,0,0,32990
2,2,0,0,1,56990
2,3,1,0,1,56990
2,5,1,0,2,211990
2,6,0,0,1,40990
2,6,0,0,1,40990
2,3,1,0,1,54990
2,3,1,0,1,63980
2,9,1,0,1,82990
2,4,1,0,2,146990
2,1,2,0,5,27990
2,2,1,0,1,55990
2,9,1,0,5,160990
2,10,1,0,2,101999
2,2,1,0,1,83990
2,4,1,0,2,178990
2,5,1,0,2,211990
2,5,4,0,9,399990
2,4,1,0,2,99996
2,2,1,0,1,89990
2,9,1,0,2,129990
2,5,1,0,1,99999
2,6,1,0,1,55500
2,3,1,0,1,58990
2,3,1,0,1,59990
2,2,0,0,2,85500
2,4,1,0,2,162990
2,2,1,0,1,94990
2,0,0,0,0,31990
2,9,1,0,2,145990
2,5,1,0,2,189990
2,3,1,0,1,60990
2,5,1,0,2,109990
2,4,1,0,2,114990
2,3,0,0,1,54990
2,4,4,0,9,224990
2,9,1,0,1,56990
2,4,1,0,2,84990
2,4,1,0,2,146990
2,9,1,0,2,152990
2,5,1,0,2,189990
2,10,1,0,2,124990
2,5,1,3,2,99990
2,10,1,0,1,174990
2,10,1,0,2,101990
2,5,1,0,2,174990
2,9,1,0,2,131990
2,9,1,0,2,94990
2,3,0,0,1,53990
2,2,1,0,1,96990
2,1,0,0,1,35990
2,2,0,0,1,73990
2,6,0,0,0,38990
2,10,1,0,2,199990
2,2,1,0,1,109990
2,10,1,0,1,124990
2,3,0,0,2,58990
2,2,0,0,1,40990
2,9,1,0,2,97990
2,10,1,0,2,110703
2,2,0,0,4,59990
2,0,0,0,0,32900
2,5,4,0,9,391990
2,3,0,0,1,53990
2,1,0,0,1,41990
2,9,1,0,1,107999
2,4,1,0,2,157990
2,4,1,0,2,147990
2,4,4,0,2,284990
2,5,4,0,9,361990
2,2,0,0,1,53450
2,9,1,0,1,72300
2,9,1,0,2,88000
2,5,4,0,2,279990
2,3,1,0,2,97107
2,3,1,0,1,75476
2,2,0,0,1,45990
2,4,1,0,1,65990
2,5,4,0,2,191990
2,5,4,0,2,191990
2,1,0,0,1,47990
2,6,0,0,1,44990
2,6,0,0,1,59990
2,10,1,0,1,131990
2,5,1,0,2,211990
2,9,1,0,2,105000
2,5,4,0,2,159990
2,5,4,0,2,201000
2,10,4,0,2,239990
2,2,1,0,1,109990
2,10,1,0,2,134990
2,4,1,0,1,76500
2,10,1,0,2,139990
2,5,4,0,2,249990
2,9,1,0,2,89900
3,5,1,2,1,249900
3,5,0,0,0,103990
3,4,1,2,1,132900
3,2,0,0,1,82990
3,5,4,0,2,261990
3,4,1,2,1,162900
3,2,0,0,1,75990
3,4,0,2,0,85990
3,2,0,0,1,82990
3,4,1,2,0,119900
3,5,1,2,2,269900
3,5,1,0,0,162990
3,5,0,0,0,113990
3,4,0,2,0,109999
3,4,0,2,0,85990
3,5,4,2,2,309900
3,5,1,0,1,172990
3,4,0,3,0,124999
3,3,0,0,0,88999
3,5,4,2,2,349900
3,5,1,2,2,249900
3,4,0,2,0,84990
3,4,0,2,0,84990
3,5,0,2,1,139000
3,5,1,2,1,249900
3,5,0,2,1,149900
3,5,1,2,0,137900
3,5,0,2,0,119900
3,7,0,3,10,101999
3,5,0,0,0,134990
3,5,1,0,1,192990
3,5,1,2,0,129990
3,5,1,0,1,182990
3,5,1,2,2,239990
3,2,0,3,10,69999
3,5,1,2,2,249900
3,5,0,2,0,119900
3,5,4,2,2,309900
3,5,4,2,2,349900
3,5,1,2,1,239990
3,5,4,2,2,349900
3,5,1,2,0,129990
3,5,0,2,1,129990
3,2,1,0,1,153990
3,3,0,0,0,93990
3,5,0,2,0,119900
3,3,1,0,2,194900
3,2,0,0,0,93990
3,5,0,2,0,129900
3,5,1,2,1,199900
3,5,1,2,1,199900
3,4,1,2,0,112900
3,5,0,2,0,119900
3,5,0,2,1,149900
3,4,1,2,0,112900
3,5,0,2,1,149900
3,5,0,2,1,139990
3,5,0,2,1,149990
3,5,0,2,0,119990
3,5,0,2,0,112990
3,4,1,2,1,129990
4,2,0,0,1,71857
4,2,0,3,6,56499
4,2,1,0,1,72990
4,2,0,0,1,58799
4,6,0,0,1,45399
4,1,0,3,0,42907
4,1,0,3,0,37749
4,4,1,0,1,99990
4,4,1,0,1,126990
4,4,0,0,1,62490
4,1,0,3,0,44499
4,2,0,0,4,56099
4,1,0,3,5,37749
4,2,1,0,1,79999
4,1,0,3,5,38749
4,5,4,0,5,334990
4,10,1,0,2,144528
4,2,1,0,1,84000
4,6,0,0,0,42990
4,2,1,0,1,76500
4,2,0,0,1,59500
4,10,1,0,1,106999
4,10,1,0,1,123698
4,2,0,0,4,63999
4,10,1,0,1,89990
4,2,1,0,1,65799
4,5,4,0,5,304990
4,2,0,0,1,79990
4,1,0,3,0,71925
4,0,0,3,5,39800
4,10,1,0,5,186990
4,2,1,0,1,115790
4,1,0,7,0,35200
4,1,0,0,4,48749
4,2,0,3,1,59499
4,2,1,3,1,72480
4,2,0,0,5,69490
4,1,0,5,10,56426
4,6,1,0,1,69000
4,1,0,0,1,42490
4,9,1,0,1,102700
4,2,0,3,5,47749
4,3,0,0,1,47799
4,2,0,0,1,86990
4,1,0,0,0,33999
4,1,0,0,0,44200
4,1,2,5,5,37499
4,0,0,0,1,40990
4,10,1,0,1,104890
4,2,0,3,1,56999
4,2,0,0,1,77499
4,2,0,0,1,40999
4,2,0,0,1,65990
4,1,0,3,0,45199
4,6,0,0,1,46099
4,10,1,0,1,107590
4,10,1,0,4,151990
4,2,0,0,1,54649
4,2,0,0,1,58590
4,2,0,0,1,71990
4,2,0,0,1,53490
4,1,0,0,1,40690
4,3,0,0,0,58499
4,0,0,0,5,41290
4,2,1,0,1,81700
4,2,1,5,1,81600
4,1,0,0,1,42990
4,1,0,0,1,46000
4,6,0,0,1,68990
4,2,0,0,1,82999
4,4,1,0,1,73890
4,1,0,0,1,43490
4,4,1,0,1,88990
4,2,0,0,1,62400
4,9,1,0,1,92499
4,2,1,0,1,78199
4,1,0,0,1,43499
4,1,0,0,0,38990
4,3,1,0,1,66990
4,2,0,0,1,77490
4,2,0,0,1,78899
4,2,0,0,1,76960
4,2,0,0,1,61499
4,2,1,0,1,76799
4,2,1,0,1,86799
4,1,0,0,1,44331
4,2,1,0,1,85990
4,1,0,0,1,41890
4,6,0,0,0,56749
4,3,0,0,1,42999
4,6,3,0,1,40999
4,6,3,1,1,36749
4,6,3,0,1,50499
4,6,3,1,1,59499
4,2,0,0,1,61499
4,2,1,0,1,69999
4,3,0,0,1,69490
4,2,0,3,1,77480
4,0,0,0,1,31999
4,2,0,0,1,69599
4,1,0,0,1,46999
4,6,0,0,1,45890
4,1,0,0,1,46899
4,2,0,0,1,60900
4,3,0,0,1,79990
4,1,0,6,1,60724
4,9,1,3,1,229000
4,1,0,0,1,59200
4,2,0,0,1,60224
4,1,0,0,0,37880
4,1,0,0,0,45999
4,6,0,0,1,63295
4,2,0,0,1,71499
4,2,0,0,1,56990
4,2,0,0,1,63999
4,2,1,0,1,65199
4,6,0,0,2,52990
4,10,1,0,1,105490
4,6,0,0,0,46500
4,2,1,0,1,77344
4,1,0,0,0,57000
4,9,1,3,2,36749
4,2,0,0,1,75999
4,2,0,0,1,59999
4,2,1,0,1,70399
4,2,1,0,1,161999
4,6,0,0,1,65999
4,2,0,0,1,66999
4,3,1,0,1,72299
4,2,1,0,1,88499
4,3,0,0,0,43549
4,1,0,0,0,33999
4,2,1,0,1,82990
4,1,0,0,1,44490
4,1,0,0,5,44500
4,9,1,0,1,103490
4,1,0,0,1,44490
4,0,0,0,1,40049
4,2,0,3,1,80990
4,4,1,0,2,158990
4,3,0,0,1,50990
4,1,0,0,1,45990
4,2,1,0,1,73990
4,3,1,3,1,82500
4,2,1,0,1,76999
4,2,0,0,1,59779
4,1,0,0,0,42690
4,0,0,0,5,35000
4,2,1,0,1,73990
4,1,0,0,1,49599
4,2,1,0,1,66799
4,1,0,0,0,44190
4,3,0,0,1,39999
4,2,0,0,1,89490
4,6,0,0,1,44091
4,1,0,0,5,44990
4,2,0,0,1,57490
4,2,0,0,1,49999
4,0,0,0,5,44000
4,1,2,0,5,42490
4,1,0,0,0,42990
4,9,1,0,1,103490
4,6,0,0,1,49290
4,10,1,0,1,123990
4,2,0,0,1,54799
4,1,0,0,5,46890
4,1,0,0,5,45999
4,10,1,0,2,246490
4,1,0,0,1,47500
4,3,1,0,1,57890
4,2,0,0,5,69899
4,2,0,0,1,78500
4,2,1,0,1,73850
4,2,0,0,1,69490
4,1,2,3,5,43500
4,2,1,0,1,67500
4,2,1,0,1,99990
4,0,0,0,0,49852
4,0,0,0,0,38690
4,3,0,0,1,63331
4,1,0,0,5,42500
4,4,1,0,1,85990
4,1,2,0,5,43090
4,2,0,0,5,62500
4,3,0,0,1,79990
4,1,0,0,1,42199
4,1,0,0,1,56990
4,2,0,3,1,57990
4,2,0,0,1,63890
4,10,4,0,2,280490
4,10,4,0,2,246490
4,2,1,0,1,73490
4,6,0,0,1,45490
4,5,1,0,2,138990
4,3,0,0,1,54990
4,10,1,0,1,168990
4,2,0,3,5,57990
4,2,0,0,1,62490
4,2,1,3,1,77499
4,0,0,0,0,35990
4,10,1,0,1,89990
4,2,0,0,0,63499
4,2,1,0,1,91958
4,2,1,0,1,69900
4,2,0,0,1,57990
4,0,2,0,0,31000
4,1,0,0,5,32999
4,0,0,0,5,33749
4,2,0,0,5,58990
4,3,1,0,1,74890
4,2,1,0,1,49890
4,10,1,0,1,129999
4,4,1,0,1,99900
4,6,0,0,1,44490
4,3,0,0,1,54490
4,4,1,0,1,109100
4,2,0,0,1,70430
4,2,0,0,1,65799
4,0,0,0,0,32000
4,2,1,0,1,72490
4,1,0,0,0,39990
4,2,1,0,1,85000
4,0,0,0,0,36990
4,2,1,0,1,110490
5,7,2,0,10,21490
5,4,1,0,2,138999
5,2,0,0,1,79990
5,2,0,0,1,79990
5,1,0,0,1,38990
5,1,0,0,1,36990
5,0,2,0,1,27990
5,1,0,0,1,34990
5,1,0,0,0,36990
5,2,0,0,1,54990
5,10,4,0,9,229990
5,7,2,0,0,41999
5,2,0,0,1,62699
5,0,2,0,0,26490
5,2,1,3,1,65999
5,2,0,0,1,69990
5,10,1,0,2,134999
5,7,2,0,0,27999
5,3,1,0,5,108000
5,1,0,0,0,39500
5,6,0,0,1,45500
5,6,3,0,1,44990
5,2,0,0,1,64385
5,10,1,0,2,115999
5,2,1,0,1,72990
5,0,0,0,0,31200
5,2,1,0,1,94990
5,10,1,0,2,156490
5,7,0,0,0,39283
5,2,0,0,1,64200
5,7,2,0,0,22900
5,7,0,0,0,23490
5,2,1,0,1,56990
5,3,0,0,2,84990
5,6,0,0,0,41999
5,3,0,0,1,62990
5,7,2,4,5,20990
5,2,1,0,1,109990
5,6,0,0,1,42100
5,3,1,0,1,39990
5,7,0,0,0,39999
5,3,0,0,1,59990
5,5,1,0,2,159990
5,10,4,0,2,199990
5,6,0,0,1,46990
5,6,0,0,1,47990
5,1,2,3,5,24999
5,0,0,0,0,28490
5,6,0,0,1,44990
5,1,0,0,0,32990
5,10,1,0,2,129990
5,2,1,0,1,73990
5,1,0,0,0,32990
5,1,0,0,0,37500
5,1,0,0,0,34990
5,1,0,0,1,39800
5,1,2,0,0,36800
5,1,0,0,1,36990
5,2,1,0,1,54990
5,2,1,0,1,65200
5,10,1,0,2,129990
5,7,2,0,10,35999
5,1,0,0,1,34990
5,3,0,3,1,59399
5,2,0,0,1,54499
5,0,2,0,0,25990
5,2,1,0,1,84990
5,10,0,0,1,89990
5,1,0,0,0,34990
5,7,0,0,0,26990
5,2,0,0,1,42990
5,1,0,3,0,49700
5,10,1,0,2,143990
5,7,2,4,0,29999
5,10,1,0,1,124990
5,2,1,0,1,82990
5,3,0,0,1,79990
5,2,0,0,1,57990
6,3,0,3,1,48999
6,5,4,0,2,89990
6,2,1,0,1,41990
6,7,0,0,1,25490
6,9,1,0,1,48990
6,1,0,0,0,31990
6,1,0,0,1,31990
6,6,0,3,1,26990
6,7,2,0,10,21990
6,1,0,0,1,33990
6,7,0,0,0,22990
6,3,1,3,2,51990
6,7,0,0,0,29990
6,7,2,3,0,22999
6,3,0,0,1,47999
6,2,1,0,1,56990
6,7,0,3,0,25999
6,6,0,3,1,22990
6,6,0,3,1,32500
6,7,2,3,0,22999
6,1,0,0,0,35990
6,1,0,0,0,29990
6,3,1,3,2,60999
6,3,0,0,1,36990
6,3,1,0,1,47990
6,3,1,0,1,38990
6,1,0,0,1,32990
6,7,2,3,0,22999
6,6,0,3,1,29990
6,3,1,0,1,49990
6,2,0,0,1,39990
7,4,0,3,1,44999
7,4,2,3,0,24999
7,4,0,3,1,64990
7,3,0,0,1,49990
7,5,1,0,2,129990
7,10,1,0,2,114990
7,4,0,0,1,52990
7,2,1,0,1,76990
7,9,1,3,1,79990
7,9,1,3,2,129990
7,10,4,0,9,259990
7,5,5,0,9,599990
7,2,0,0,5,64990
7,2,0,0,1,64990
7,10,0,0,1,86990
7,10,4,0,2,219990
7,9,1,0,5,65990
7,5,5,0,9,499990
7,2,0,0,1,52990
7,10,1,0,2,129990
7,2,0,0,1,73490
7,2,1,0,1,57990
7,2,1,0,1,92990
7,10,1,0,1,94990
7,10,1,0,2,119990
7,2,1,0,1,59990
7,10,1,0,2,144990
7,2,0,0,1,56990
7,3,0,0,1,47990
7,10,1,0,2,134990
7,10,1,0,2,244990
7,10,0,0,1,80990
7,4,1,0,1,62990
7,5,1,0,2,119990
7,10,1,0,1,67990
7,2,0,0,5,56990
7,10,1,0,2,175000
7,5,4,0,9,299990
7,2,0,0,1,52490
7,10,1,0,1,99990
7,10,1,0,2,149990
7,2,1,0,1,67990
7,6,0,0,1,49990
7,10,1,0,2,109990
7,10,4,0,2,219990
7,10,1,0,1,75990
7,10,1,0,1,99990
7,6,0,0,0,45990
7,2,1,0,5,84990
7,2,1,0,5,71990
7,6,0,0,1,48990
7,10,4,0,2,275990
7,2,0,3,1,59498
7,2,0,0,1,68990
7,2,1,0,5,73990
7,2,1,0,5,88990
7,5,4,0,9,359990
7,10,0,0,1,74990
7,2,1,0,5,94990
7,2,1,0,5,96990
7,10,4,0,2,189990
7,9,1,0,5,67990
7,10,1,0,2,129990
7,6,0,0,1,41990
7,1,0,0,1,37990
7,10,1,0,2,129490
7,10,1,0,1,89990
7,10,1,0,2,144990
7,2,1,0,1,85990
7,10,1,0,2,169990
7,2,0,0,1,45990
7,10,1,0,2,124990
7,10,1,0,1,102990
7,2,0,0,1,62990
7,10,1,0,2,147990
7,2,1,0,1,65990
8,9,3,0,0,103990
8,10,3,0,2,119990
8,4,3,0,1,109990
8,4,3,0,1,110990
8,9,3,0,1,94990
8,2,0,0,1,74990
8,4,3,3,1,98990
8,10,1,0,1,79990
8,2,1,0,1,79990
8,10,1,0,1,89990
8,10,1,0,1,72990
8,2,0,0,1,74990
8,2,1,0,1,79990
8,10,1,0,1,89990
8,2,0,0,1,65990
8,2,1,0,1,69990
8,2,0,0,1,74990
8,2,1,0,1,63990
9,2,1,0,1,76990
9,2,1,0,1,64990
9,10,1,0,2,193990
9,2,1,0,1,85990
9,10,1,0,2,149990
